<?xml version="1.0" ?>
<LocomotionController>

  <DefaultStepParameters>
    <Footstep profileType="triangle" profileHeight="0.08" averageVelocity="0.65" liftOffSpeed="0.1"
              touchdownSpeed="0.2" minimumDuration="0.45"/>
    <EndEffectorTarget averageVelocity="0.3" minimumDuration="0.05"/>
    <LegMode duration="0.5" frameId="base"/>
    <BaseAuto averageLinearVelocity="0.2" averageAngularVelocity="0.28" supportMargin="0.04"
              minimumDuration="0.1" centerOfMassTolerance="0.0" legLengthTolerance="0.0"
              minLimbLengthScale="0.325" maxLimbLengthAtClosingContactScale="0.887"
              maxLimbLengthAtOpeningContactScale="0.919">
      <nominalPlanarStanceInBaseFrame x="0.33" y="0.22"/>
    </BaseAuto>
    <BaseTarget averageLinearVelocity="0.05" averageAngularVelocity="0.1" minimumDuration="0.7"/>
  </DefaultStepParameters>

  <ContactDetector>
    <ChatteringCompensation timeBound="0.0"/>
  </ContactDetector>

  <FootPlacementStrategy>
    <RegainContact maxDistance="0.2" endSpeed="0.2"/>
  </FootPlacementStrategy>

  <TorsoControl>
    <LoadFactor loadDuration="0.1" startUnloadingAtPhase="0.95" lowerBound="0.3" allowEarlyTouchdown="true"/>
  </TorsoControl>

  <ImpedanceController>
    <Interpolation duration="0.5"/>
  </ImpedanceController>

  <VirtualModelController>
    <Gains>
      <Heading kp="1600" kd="160" kff="1.0" ki="0.0" maxI="200.0" offset="0.0"/>
      <Lateral kp="1800" kd="180" kff="1.0" ki="0.0" maxI="200.0" offset="0.0"/>
      <Vertical kp="6000" kd="190" kff="0.0" ki="10.0" maxI="400.0" offset="0.0"/>
      <Roll kp="400" kd="15" kff="0.0" ki="10.0" maxI="100.0" offset="0.0"/>
      <Pitch kp="600" kd="40" kff="0.0" ki="10.0" maxI="100.0" offset="0.0"/>
      <Yaw kp="400" kd="35" kff="0.0" ki="0.0" maxI="100.0" offset="0.0"/>
    </Gains>
  </VirtualModelController>

  <MotionController>
    <DefaultControlModeForLeg supportMode="freeze" nonSupportMode="freeze"/>
  </MotionController>

  <ContactForceDistribution>
    <Weights>
      <Force heading="1.0" lateral="1.0" vertical="0.1"/>
      <Torque roll="10" pitch="10" yaw="5"/>
      <Regularizer value="0.00001"/>
    </Weights>
    <Constraints minimalNormalForce="15.0" maximalNormalForce="1000.0"/>
    <LoadFactor maximalNormalForce="200.0"/>
  </ContactForceDistribution>

  <ContactInvariantDamper>
    <Gains>
      <LinearVelocity kd_x="10" kd_y="10"/>
    </Gains>
  </ContactInvariantDamper>

  <TerrainModel>
    <Parameters frictionCoefficient="0.5"/>
  </TerrainModel>

  <SupportLegCommands>
    <HAA pGain="30.0" iGain="0.0" dGain="0.1"/>
    <HFE pGain="30.0" iGain="0.0" dGain="0.5"/>
    <KFE pGain="24.0" iGain="0.0" dGain="0.7"/>
  </SupportLegCommands>
  <SwingLegCommands>
    <HAA pGain="70.0" iGain="0.0" dGain="0.1000"/>
    <HFE pGain="90.0" iGain="0.0" dGain="0.500"/>
    <KFE pGain="50.0" iGain="0.0" dGain="0.3"/>
  </SwingLegCommands>
  <SoftSupportLegCommands>
    <HAA pGain="3.0" iGain="0.0" dGain="0.1"/>
    <HFE pGain="3.0" iGain="0.0" dGain="0.5"/>
    <KFE pGain="2.4" iGain="0.0" dGain="0.7"/>
  </SoftSupportLegCommands>

  <ForceCalibration>
    <SwingPhaseTiming start="0.2" end="0.3"/>
    <Sampling swingPhaseDuration="0.4" numGoodSamples="20"/>
    <DisableOutlierDetection thresholdDuration="20.0"/>
  </ForceCalibration>

</LocomotionController>
