<?xml version="1.0" ?>
<FootPlacementStrategy RegainPositionForStride="1.3" maxFootholdDisplacementVelocity="0.005"
                       slippageRecoveryStrategy="ApproachToPreviousFootholdIteratively">
  <FootholdGenerator>

    <Optimized>
      <InequalityConstraints>
        <KinematicConstraints enable="false" max_leg_extension="0.61 " num_of_edges="16"/>
        <CollisionAvoidance enable="true" safety_margin="0.13" num_of_edges="10" closed_cone="false"/>
      </InequalityConstraints>
    </Optimized>

    <OptimizedInvPend footprint_center="torso_com" adapt_to_path_regularizer="true"> <!-- torso_com, base or whole_body_com -->
      <Gait type="walk">
        <Weights invertedPendulum="1.0" previousSolution="0.1"/>
        <BaseToDefaultFoothold x="0.36" y_h="0.13" y_f="0.13" rel_vel_offset="0.1"/>
        <DynamicLateralFootholdAdaptation max_offset="0.1" nominal_operation_velocity="0.4" offset_at_nominal_velocity="0.08"/>
        <Gains feedbackScale="1.4" feedforwardScale="1.0"/>
      </Gait>
      <Gait type="crawl">
        <Weights invertedPendulum="1.0" previousSolution="0.1"/>
        <BaseToDefaultFoothold x="0.36" y_h="0.20" y_f="0.20" rel_vel_offset="0.10"/>
        <Gains feedbackScale="0.5" feedforwardScale="1.0"/>
      </Gait>
      <Gait type="run, balance">
        <Weights invertedPendulum="1.0" previousSolution="0.1"/>
        <BaseToDefaultFoothold x="0.36" y_h="0.104" y_f="0.104" rel_vel_offset="0.1"/>
        <DynamicLateralFootholdAdaptation max_offset="0.1" nominal_operation_velocity="0.4" offset_at_nominal_velocity="0.08"/>
        <Gains feedbackScale="1.2" feedforwardScale="1.0"/>
      </Gait>
      <Gait type="dyn_lateral_walk, amble">
        <Weights invertedPendulum="1.0" previousSolution="0.1"/>
        <BaseToDefaultFoothold x="0.36" y_h="0.2" y_f="0.16" rel_vel_offset="0.21"/>
        <Gains feedbackScale="0.75" feedforwardScale="1.0"/>
      </Gait>
      <Gait type="crawling_no_stance">
        <Weights invertedPendulum="1.0" previousSolution="0.1"/>
        <BaseToDefaultFoothold x="0.36" y_h="0.16" y_f="0.16" rel_vel_offset="0.10"/>
        <Gains feedbackScale="0.5" feedforwardScale="1.0"/>
      </Gait>
      <Gait type="pace">
        <Weights invertedPendulum="1.0" previousSolution="0.1"/>
        <BaseToDefaultFoothold x="0.36" y_h="0.12" y_f="0.12" rel_vel_offset="0.20"/>
        <Gains feedbackScale="0.5" feedforwardScale="1.0"/>
      </Gait>
      <Gait type="flying_pace">
        <Weights invertedPendulum="1.0" previousSolution="0.1"/>
        <BaseToDefaultFoothold x="0.36" y_h="0.12" y_f="0.12" rel_vel_offset="-0.05"/>
        <Gains feedbackScale="1.0" feedforwardScale="1.0"/>
      </Gait>
      <Gait type="flying_trot">
        <Weights invertedPendulum="1.0" previousSolution="0.1"/>
        <BaseToDefaultFoothold x="0.36" y_h="0.18" y_f="0.18" rel_vel_offset="0.03"/>
        <Gains feedbackScale="0.9" feedforwardScale="1.0"/>
      </Gait>
      <Gait type="pronking">
        <Weights invertedPendulum="1.0" previousSolution="0.1"/>
        <BaseToDefaultFoothold x="0.36" y_h="0.16" y_f="0.16" rel_vel_offset="0.0"/>
        <Gains feedbackScale="0.0" feedforwardScale="1.0"/>
      </Gait>
      <Gait type="jump_diagonal">
        <Weights invertedPendulum="1.0" previousSolution="0.1"/>
        <BaseToDefaultFoothold x="0.36" y_h="0.16" y_f="0.16" rel_vel_offset="0.0"/>
        <Gains feedbackScale="1.5" feedforwardScale="1.0"/>
      </Gait>
      <Gait type="traverse_gallop, rotatory_gallop, canter">
        <Weights invertedPendulum="1.0" previousSolution="0.1"/>
        <BaseToDefaultFoothold x="0.36" y_h="0.16" y_f="0.16" rel_vel_offset="0.0"/>
        <Gains feedbackScale="0.0" feedforwardScale="1.0"/>
      </Gait>
      <Gait type="bound">
        <Weights invertedPendulum="1.0" previousSolution="0.1"/>
        <BaseToDefaultFoothold x="0.36" y_h="0.14" y_f="0.07" rel_vel_offset=" 0.0"/>
        <Gains feedbackScale="0.0" feedforwardScale="1.0"/>
      </Gait>
    </OptimizedInvPend>

    <InvertedPendulum>
      <Offset>
        <Fore heading="0.05" lateral="0.05"/>
        <Hind heading="-0.05" lateral="0.05"/>
      </Offset>
      <Gains feedbackScale="0.4"/>
    </InvertedPendulum>

  </FootholdGenerator>

  <SwingTrajectoryGenerator verbose="false">
    <Gait type="walk, crawl, run, balance">
      <Height initial="0.0" middle="0.07" final="-0.01"/>
      <VerticalVelocity initial="0.4" final="-0.4"/>
      <HorizontalVelocity initial="0.0" final="0.0"/>
    </Gait>
    <Gait
        type="crawling_no_stance, dyn_lateral_walk, amble, pace, flying_pace, jump_diagonal, pronking, bound, traverse_gallop, rotatory_gallop, canter">
      <Height initial="0.0" middle="0.07" final="-0.01"/>
      <VerticalVelocity initial="0.4" final="-0.6"/>
      <HorizontalVelocity initial="0.0" final="0.0"/>
    </Gait>
    <Gait type="flying_trot">
      <Height initial="0.0" middle="0.10" final="-0.01"/>
      <VerticalVelocity initial="0.4" final="-0.4"/>
      <HorizontalVelocity initial="0.0" final="0.0"/>
    </Gait>

    <Optimized>
      <Conditioning skip_optimization_if_swing_phase_larger_than="0.95"/>
      <Weights min_accel="0.01" knot_pos="10000.0" swing_height="1000.0" previous_pos="10.0" previous_vel="2.0"/>
      <EqualityConstraints enable_hard_init_accel="false" init_with_foot_state="false" final_pos="-0.01" final_vel="-0.3"/>
      <Sampling num_of_samples="20"/>
      <HeightTrajectory swing_height="0.09">
        <Knot t="0.5" v="0.11"/>
      </HeightTrajectory>
    </Optimized>

    <LinearInterpolation>
      <HeightVelocity initial="0.4" final="-0.4"/>
      <HeightTrajectory>
        <Knot t="0.0" v="0.0"/>
        <Knot t="0.5" v="0.09"/>
        <Knot t="1.0" v="-0.01"/>
      </HeightTrajectory>
    </LinearInterpolation>
  </SwingTrajectoryGenerator>
  <!--
  regain_position_for_stride: Regain velocity is obtained by multiplying with the stride duration
  p_gain:                     Pushes the regaining foot towards the nominal foothold
  d_gain:                     Pushes the regaining foot in the direction of torso velocity error
  filter_constant:            filter constant used to smooth regain velocity
   -->
  <!-- Enable when using FootPlacementStrategyOptimizedRegain -->
  <!--  <Regaining regain_position_for_stride="1.1" p_gain="1.5" d_gain="0.4" filter_constant="0.03"/> -->
  <!--
  enable_for_swing_phase: Will enable kinematic constraints during swing phases. Notice that this means that
                          swing position is obtained by integrating the swing velocity. During regaining, this
                          feature is always enabled.
  max_sing_value:         Singularity value is 1 if leg is fully extended, 0 if end-effector touches the limb base.
                          The threshold determines the singularity value or which position feedback kicks in.
  p_gain:                 Pushes the regaining foot a direction that minimizes leg over extension.
   -->
  <!-- Enable when using FootPlacementStrategyOptimizedRegain -->
  <!-- <SingularityAvoidance enable_for_swing_phase="false" enable_for_stance_phase="false" max_sing_value="0.76" p_gain="0.3"/> -->
</FootPlacementStrategy>
