<?xml version="1.0" ?>
<Mission>
  <Configuration>
    <Position>
      <Initial x="0.0" y="0.0" z="0.0"/>
      <Minimal x="-0.3" y="-0.3" z="-0.05"/>
      <Maximal x="0.3" y="0.3" z="0.05"/>
    </Position>
    <Orientation>      <!-- Euler Angle ZYX -->
      <Initial x="0.0" y="0.0" z="0"/>
      <Minimal x="-0.2" y="-0.2" z="-0.2"/>
      <Maximal x="0.2" y="0.2" z="0.2"/>
    </Orientation>
  </Configuration>
  <Speed>
    <Initial headingSpeed="0.0" lateralSpeed="0.0" turningSpeed="0.0"/>
    <Maximum headingSpeed="0.0" lateralSpeed="0.0" turningSpeed="0.0"/>
    <RateLimits enable="false">
      <Acceleration x="0.1" y="0.1" z="0.1"/>
      <Deceleration x="1.0" y="1.0" z="1.0"/>
    </RateLimits>
    <FilterAlpha>
      <Position x="0.01" y="0.01" z="0.01"/>
      <Rotation x="0.01" y="0.01" z="0.01"/>
      <Velocity x="0.03" y="0.03" z="0.03"/>
    </FilterAlpha>
    <Gait type="walk">
      <Maximum headingSpeed="0.5" lateralSpeed="0.40" turningSpeed="0.5"/>
    </Gait>
    <Gait type="run">
      <Maximum headingSpeed="0.55" lateralSpeed="0.40" turningSpeed="0.50"/>
    </Gait>
    <Gait type="crawl">
      <Maximum headingSpeed="0.25" lateralSpeed="0.20" turningSpeed="0.4"/>
    </Gait>
    <Gait type="balance">
      <Maximum headingSpeed="0.10" lateralSpeed="0.05" turningSpeed="0.25"/>
    </Gait>
    <Gait type="jump_diagonal">
      <Maximum headingSpeed="0.10" lateralSpeed="0.05" turningSpeed="0.25"/>
    </Gait>
    <Gait type="crawling_no_stance">
      <Maximum headingSpeed="0.20" lateralSpeed="0.10" turningSpeed="0.40"/>
    </Gait>
    <Gait type="pace, dyn_lateral_walk">
      <Maximum headingSpeed="0.5" lateralSpeed="0.20" turningSpeed="0.45"/>
    </Gait>
    <Gait type="flying_trot, flying_pace, pronking, bound, traverse_gallop, rotatory_gallop, canter, amble">
      <Maximum headingSpeed="1.0" lateralSpeed="0.30" turningSpeed="0.70"/>
    </Gait>
    <VelocityClipping type="ellipsoid"/>    <!-- box/ellipsoid -->
    <VelocityOffsetOnSlopes enable="true"> <!-- If true, the maximum velocity is reduced while going down a slope -->
      <OffsetPerDeg x="0.015" y="0.015"/>  <!-- velocity offset on slope = maxVelocity * slopeAngleInDeg * offsetPerDeg -->
      <VelocityOffsetFilter time_constant="1.0" velocity_scaling="1.0"/>
    </VelocityOffsetOnSlopes>
  </Speed>
  <LocomotionStateSwitches>
    <BaseVelocityFilter time_constant="0.3" velocity_scaling="1.0"/>
    <SwitchToStand start_vel_threshold="0.05" end_vel_threshold="0.04" time_threshold="0.10"/>
    <SwitchDirection start_vel_threshold="0.020" end_vel_threshold="0.050" time_threshold="0.05"/>
    <Balancing start_vel_threshold="0.150" end_vel_threshold="0.250" time_threshold="0.80" shrink_polygon_factor="0.4"/>
  </LocomotionStateSwitches>
</Mission>
